{
    "AF": 0.1524521813718039,
    "AL": 0.043631551095627705,
    "DZ": 0.5870573655779133,
    "AD": 0.001505852907005054,
    "AO": 0.2518273205023984,
    "AG": 0.0015215178126538182,
    "AR": 0.8257519187807778,
    "AM": 0.04825408171156094,
    "AW": 0.0022080706136214656,
    "AU": 0.48986007400928094,
    "AT": 0.1661252389293459,
    "AZ": 0.18173802045591742,
    "BS": 0.007281733485167759,
    "BH": 0.0360966889108937,
    "BD": 0.8692951206598999,
    "BB": 0.0050007231546192335,
    "BY": 0.16987485544830525,
    "BE": 0.22512350908659218,
    "BZ": 0.0042991439631787235,
    "BJ": 0.06657127298182079,
    "BM": 0.0013379234157431656,
    "BT": 0.008786224226464225,
    "BO": 0.1489190427813141,
    "BA": 0.051121312825103904,
    "BW": 0.03203302934458716,
    "BR": 3.6798868945114735,
    "BN": 0.008845733840858171,
    "BG": 0.10354383444333672,
    "BF": 0.09787843827444402,
    "BI": 0.02378964943683453,
    "CV": 0.007632640142003595,
    "KH": 0.1170726301388035,
    "CM": 0.2135691938695632,
    "CA": 0.7843877776424517,
    "KY": 0.0011339816685604763,
    "CF": 0.010690766009301685,
    "TD": 0.036358948377475324,
    "CL": 0.35926294751052834,
    "CN": 21.141115517674137,
    "CO": 0.7558139042633069,
    "KM": 0.0015694915862031586,
    "CG": 0.010159074422329158,
    "CD": 0.2592446107594099,
    "CR": 0.08731248069819172,
    "CI": 0.2037432753821798,
    "HR": 0.06746481111897625,
    "CU": 0.17839464857570528,
    "CW": 0.002247807541401687,
    "CY": 0.02333311108606552,
    "CZ": 0.18522222750009407,
    "DK": 0.11983269712199113,
    "DJ": 0.01240679682837406,
    "DM": 0.001066746020538131,
    "DO": 0.17755059536468215,
    "EC": 0.24258076940178816,
    "EG": 1.5662493976944876,
    "SV": 0.07537597158070773,
    "GQ": 0.007835496413387254,
    "ER": 0.00098880460139985,
    "EE": 0.025230693053485662,
    "SZ": 0.0074818867089734365,
    "ET": 0.5872479197902413,
    "FO": 0.0010148560205765994,
    "FJ": 0.013145941995996727,
    "FI": 0.10849783957091919,
    "FR": 1.2163301407266631,
    "PF": 0.004346521789230557,
    "GA": 0.02937065518331234,
    "GM": 0.018774091446295205,
    "GE": 0.057333639809833956,
    "DE": 1.59114395507554,
    "GH": 0.3835839054252299,
    "GI": 0.0006771879117211036,
    "GR": 0.17816671994174793,
    "GL": 0.0008335389944599924,
    "GD": 0.0013626552368897198,
    "GU": 0.0028921970569206904,
    "GT": 0.17929738133139372,
    "GN": 0.07267420103307984,
    "GW": 0.009592009094611732,
    "GY": 0.006249403432610676,
    "HT": 0.0837279203522027,
    "HN": 0.08864478518038696,
    "HK": 0.14715499562101397,
    "HU": 0.1759082491969087,
    "IS": 0.007720925506991468,
    "IN": 12.629870299353065,
    "ID": 3.1279632731076785,
    "IR": 1.5036281498615023,
    "IQ": 0.5136535545371709,
    "IE": 0.09780234854931584,
    "IL": 0.17680891742019506,
    "IT": 0.8933609491941507,
    "JM": 0.04298924739634997,
    "JP": 2.416338471391595,
    "JO": 0.14354406459826025,
    "KZ": 0.3430436617022079,
    "KE": 0.3376156016241975,
    "KI": 0.0009660521772985878,
    "KP": 0.0,
    "KR": 1.0636265759301073,
    "KW": 0.09008499872730942,
    "KG": 0.07155022276894181,
    "LA": 0.05233987647063204,
    "LV": 0.035979819349864675,
    "LB": 0.12217340862148637,
    "LS": 0.019605991585137053,
    "LR": 0.027557570057503058,
    "LY": 0.02597352032528936,
    "LI": 0.0008080409551023571,
    "LT": 0.04940568639897627,
    "LU": 0.013298440703841017,
    "MO": 0.01217584588925077,
    "MG": 0.08840566124701214,
    "MW": 0.040308718120240374,
    "MY": 0.6169543701045598,
    "MV": 0.007239974592663852,
    "ML": 0.11809823449817443,
    "MT": 0.009711007039560429,
    "MH": 0.00048757018831778736,
    "MR": 0.040376741270312995,
    "MU": 0.01747854415439265,
    "MX": 1.9749892047622661,
    "FM": 0.0008641664390640301,
    "MD": 0.042455299722422596,
    "MC": 0.0008106162996451568,
    "MN": 0.04360913921295359,
    "ME": 0.010262960841448206,
    "MA": 0.660845349916156,
    "MZ": 0.10976386617785594,
    "MM": 0.40647529171260727,
    "NA": 0.02217297157913231,
    "NR": 0.0001438574691304315,
    "NP": 0.23379394922782645,
    "NL": 0.3390301042933704,
    "NC": 0.004747019791394682,
    "NZ": 0.09901527197745685,
    "NI": 0.06373015713897215,
    "NE": 0.05265447289779832,
    "NG": 1.5575418385376945,
    "MK": 0.03591109383309856,
    "NO": 0.11106098847385906,
    "OM": 0.10350407623171728,
    "PK": 1.175359197233657,
    "PW": 0.00010384385144065324,
    "PS": 0.0762650613954711,
    "PA": 0.059003867806955046,
    "PG": 0.021346860644551963,
    "PY": 0.11227691292332678,
    "PE": 0.4579032620928571,
    "PH": 1.1614884766614955,
    "PL": 0.6718771043132278,
    "PT": 0.17165701515576173,
    "PR": 0.052848666646628926,
    "QA": 0.06110539152155788,
    "RO": 0.3220647560696884,
    "RU": 2.606718134954314,
    "RW": 0.07305326620917289,
    "KN": 0.0009137365005531225,
    "LC": 0.002083134477536892,
    "VC": 0.0013223649292903846,
    "WS": 0.00141931281683131,
    "SM": 0.00043467984791401135,
    "ST": 0.0015393111022222515,
    "SA": 0.7251159250161713,
    "SN": 0.15181579457982286,
    "RS": 0.11523017331490279,
    "SC": 0.0016555421480753784,
    "SL": 0.030560549497442517,
    "SG": 0.11133452837521492,
    "SK": 0.10447336355257376,
    "SI": 0.0387091099015739,
    "SB": 0.0017426143342290398,
    "SO": 0.006765366262416849,
    "ZA": 0.8836216346484587,
    "SS": 0.01548595112879848,
    "ES": 0.9393919339016173,
    "LK": 0.16328216497329115,
    "SD": 0.26505173601351334,
    "SR": 0.008747551490643837,
    "SE": 0.20832928293005154,
    "CH": 0.17316437921534975,
    "SY": 0.13327376083228917,
    "TJ": 0.0445782775469357,
    "TZ": 0.2797021261831281,
    "TH": 1.156399978954029,
    "TL": 0.00816588544923748,
    "TG": 0.04228877496454769,
    "TO": 0.0009279753889757085,
    "TT": 0.02102928447989814,
    "TN": 0.18086125398404895,
    "TR": 1.394222426845809,
    "TM": 0.027277942978136935,
    "TV": 8.832793266626583e-05,
    "UG": 0.19373525236662956,
    "UA": 0.7048925105397774,
    "AE": 0.2105056831909483,
    "GB": 1.356494416795846,
    "US": 6.374532549265247,
    "UY": 0.06365736640891947,
    "UZ": 0.5180270855183421,
    "VU": 0.001681380728860161,
    "VE": 0.3728192206423981,
    "VN": 1.45643232191864,
    "VG": 0.000500042518087048,
    "VI": 0.0014564318323903385,
    "YE": 0.16962151391034702,
    "ZM": 0.07747366420425517,
    "ZW": 0.09268765043579832
}